ts_epoch,ts_iso,euicc_id,cell_id,aka_fail_rate,rsrp_dbm,drop_rate,latency_ms,ota_fail_rate,sim_fault_label,provenance
1767578400.000,2026-01-05T02:00:00Z,89330000000100004,CELL-LIVE-4,0.400000,-90.000000,0.006000,37.000000,0.006000,,SYNTHETIC / SIMULATED
1767578401.000,2026-01-05T02:00:01Z,89330000000100004,CELL-LIVE-4,0.450000,-90.000000,0.004000,42.400000,0.006000,,SYNTHETIC / SIMULATED
1767578402.000,2026-01-05T02:00:02Z,89330000000100004,CELL-LIVE-4,0.300000,-89.000000,0.002000,38.700000,0.006000,,SYNTHETIC / SIMULATED
1767578403.000,2026-01-05T02:00:03Z,89330000000100004,CELL-LIVE-4,0.100000,-89.000000,0.002000,41.000000,0.006000,,SYNTHETIC / SIMULATED
1767578404.000,2026-01-05T02:00:04Z,89330000000100004,CELL-LIVE-4,0.050000,-89.000000,0.004000,38.100000,0.004000,,SYNTHETIC / SIMULATED
1767578405.000,2026-01-05T02:00:05Z,89330000000100004,CELL-LIVE-4,0.100000,-89.000000,0.004000,35.500000,0.004000,,SYNTHETIC / SIMULATED
1767578406.000,2026-01-05T02:00:06Z,89330000000100004,CELL-LIVE-4,0.150000,-89.000000,0.002000,28.500000,0.006000,,SYNTHETIC / SIMULATED
1767578407.000,2026-01-05T02:00:07Z,89330000000100004,CELL-LIVE-4,0.150000,-89.000000,0.004000,32.700000,0.006000,,SYNTHETIC / SIMULATED
1767578408.000,2026-01-05T02:00:08Z,89330000000100004,CELL-LIVE-4,0.150000,-89.000000,0.004000,31.500000,0.004000,,SYNTHETIC / SIMULATED
1767578409.000,2026-01-05T02:00:09Z,89330000000100004,CELL-LIVE-4,0.050000,-89.000000,0.004000,40.700000,0.006000,,SYNTHETIC / SIMULATED
1767578410.000,2026-01-05T02:00:10Z,89330000000100004,CELL-LIVE-4,0.150000,-89.000000,0.004000,40.600000,0.004000,,SYNTHETIC / SIMULATED
1767578411.000,2026-01-05T02:00:11Z,89330000000100004,CELL-LIVE-4,0.200000,-89.000000,0.004000,38.200000,0.004000,,SYNTHETIC / SIMULATED
1767578412.000,2026-01-05T02:00:12Z,89330000000100004,CELL-LIVE-4,0.300000,-89.000000,0.004000,36.500000,0.006000,,SYNTHETIC / SIMULATED
1767578413.000,2026-01-05T02:00:13Z,89330000000100004,CELL-LIVE-4,0.200000,-89.000000,0.004000,38.300000,0.002000,,SYNTHETIC / SIMULATED
1767578414.000,2026-01-05T02:00:14Z,89330000000100004,CELL-LIVE-4,0.400000,-89.000000,0.002000,33.700000,0.002000,,SYNTHETIC / SIMULATED
1767578415.000,2026-01-05T02:00:15Z,89330000000100004,CELL-LIVE-4,0.500000,-89.000000,0.004000,35.100000,0.002000,,SYNTHETIC / SIMULATED
1767578416.000,2026-01-05T02:00:16Z,89330000000100004,CELL-LIVE-4,0.400000,-89.000000,0.006000,30.900000,0.002000,,SYNTHETIC / SIMULATED
1767578417.000,2026-01-05T02:00:17Z,89330000000100004,CELL-LIVE-4,0.300000,-89.000000,0.006000,33.400000,0.000000,,SYNTHETIC / SIMULATED
1767578418.000,2026-01-05T02:00:18Z,89330000000100004,CELL-LIVE-4,0.400000,-89.000000,0.006000,41.300000,0.000000,,SYNTHETIC / SIMULATED
1767578419.000,2026-01-05T02:00:19Z,89330000000100004,CELL-LIVE-4,0.400000,-92.000000,0.006000,43.300000,0.000000,,SYNTHETIC / SIMULATED
1767578420.000,2026-01-05T02:00:20Z,89330000000100004,CELL-LIVE-4,0.300000,-92.000000,0.008000,38.200000,0.000000,,SYNTHETIC / SIMULATED
1767578421.000,2026-01-05T02:00:21Z,89330000000100004,CELL-LIVE-4,0.300000,-92.000000,0.008000,35.600000,0.000000,,SYNTHETIC / SIMULATED
1767578422.000,2026-01-05T02:00:22Z,89330000000100004,CELL-LIVE-4,0.250000,-92.000000,0.006000,33.300000,0.002000,,SYNTHETIC / SIMULATED
1767578423.000,2026-01-05T02:00:23Z,89330000000100004,CELL-LIVE-4,0.100000,-92.000000,0.008000,35.300000,0.002000,,SYNTHETIC / SIMULATED
1767578424.000,2026-01-05T02:00:24Z,89330000000100004,CELL-LIVE-4,0.150000,-92.000000,0.006000,41.000000,0.000000,,SYNTHETIC / SIMULATED
1767578425.000,2026-01-05T02:00:25Z,89330000000100004,CELL-LIVE-4,0.150000,-92.000000,0.006000,44.300000,0.002000,,SYNTHETIC / SIMULATED
1767578426.000,2026-01-05T02:00:26Z,89330000000100004,CELL-LIVE-4,0.250000,-92.000000,0.006000,44.600000,0.002000,,SYNTHETIC / SIMULATED
1767578427.000,2026-01-05T02:00:27Z,89330000000100004,CELL-LIVE-4,0.300000,-92.000000,0.008000,52.700000,0.002000,,SYNTHETIC / SIMULATED
1767578428.000,2026-01-05T02:00:28Z,89330000000100004,CELL-LIVE-4,0.400000,-92.000000,0.008000,65.000000,0.004000,,SYNTHETIC / SIMULATED
1767578429.000,2026-01-05T02:00:29Z,89330000000100004,CELL-LIVE-4,0.500000,-92.000000,0.006000,47.500000,0.004000,,SYNTHETIC / SIMULATED
1767578430.000,2026-01-05T02:00:30Z,89330000000100004,CELL-LIVE-4,0.500000,-92.000000,0.006000,32.500000,0.004000,,SYNTHETIC / SIMULATED
1767578431.000,2026-01-05T02:00:31Z,89330000000100004,CELL-LIVE-4,0.350000,-92.000000,0.008000,34.900000,0.004000,,SYNTHETIC / SIMULATED
1767578432.000,2026-01-05T02:00:32Z,89330000000100004,CELL-LIVE-4,0.300000,-92.000000,0.008000,33.700000,0.004000,,SYNTHETIC / SIMULATED
1767578433.000,2026-01-05T02:00:33Z,89330000000100004,CELL-LIVE-4,0.400000,-92.000000,0.008000,52.000000,0.004000,,SYNTHETIC / SIMULATED
1767578434.000,2026-01-05T02:00:34Z,89330000000100004,CELL-LIVE-4,0.450000,-92.000000,0.008000,56.400000,0.006000,,SYNTHETIC / SIMULATED
1767578435.000,2026-01-05T02:00:35Z,89330000000100004,CELL-LIVE-4,0.150000,-92.000000,0.006000,46.600000,0.008000,,SYNTHETIC / SIMULATED
1767578436.000,2026-01-05T02:00:36Z,89330000000100004,CELL-LIVE-4,0.200000,-92.000000,0.008000,39.100000,0.008000,,SYNTHETIC / SIMULATED
1767578437.000,2026-01-05T02:00:37Z,89330000000100004,CELL-LIVE-4,0.150000,-92.000000,0.008000,44.800000,0.006000,,SYNTHETIC / SIMULATED
1767578438.000,2026-01-05T02:00:38Z,89330000000100004,CELL-LIVE-4,0.050000,-92.000000,0.012000,43.800000,0.008000,,SYNTHETIC / SIMULATED
1767578439.000,2026-01-05T02:00:39Z,89330000000100004,CELL-LIVE-4,0.150000,-92.000000,0.010000,47.000000,0.008000,,SYNTHETIC / SIMULATED
1767578440.000,2026-01-05T02:00:40Z,89330000000100004,CELL-LIVE-4,0.200000,-92.000000,0.010000,44.900000,0.010000,,SYNTHETIC / SIMULATED
1767578441.000,2026-01-05T02:00:41Z,89330000000100004,CELL-LIVE-4,0.300000,-92.000000,0.012000,32.900000,0.012000,,SYNTHETIC / SIMULATED
1767578442.000,2026-01-05T02:00:42Z,89330000000100004,CELL-LIVE-4,0.350000,-92.000000,0.014000,34.700000,0.012000,,SYNTHETIC / SIMULATED
1767578443.000,2026-01-05T02:00:43Z,89330000000100004,CELL-LIVE-4,0.400000,-92.000000,0.014000,33.700000,0.010000,,SYNTHETIC / SIMULATED
1767578444.000,2026-01-05T02:00:44Z,89330000000100004,CELL-LIVE-4,0.400000,-92.000000,0.014000,42.700000,0.010000,,SYNTHETIC / SIMULATED
1767578445.000,2026-01-05T02:00:45Z,89330000000100004,CELL-LIVE-4,0.350000,-92.000000,0.014000,37.400000,0.012000,,SYNTHETIC / SIMULATED
1767578446.000,2026-01-05T02:00:46Z,89330000000100004,CELL-LIVE-4,0.300000,-92.000000,0.014000,40.900000,0.016000,,SYNTHETIC / SIMULATED
1767578447.000,2026-01-05T02:00:47Z,89330000000100004,CELL-LIVE-4,0.200000,-92.000000,0.012000,35.200000,0.016000,,SYNTHETIC / SIMULATED
1767578448.000,2026-01-05T02:00:48Z,89330000000100004,CELL-LIVE-4,0.300000,-92.000000,0.014000,49.200000,0.016000,,SYNTHETIC / SIMULATED
1767578449.000,2026-01-05T02:00:49Z,89330000000100004,CELL-LIVE-4,0.450000,-92.000000,0.016000,42.700000,0.014000,,SYNTHETIC / SIMULATED
1767578450.000,2026-01-05T02:00:50Z,89330000000100004,CELL-LIVE-4,0.450000,-92.000000,0.016000,45.500000,0.012000,,SYNTHETIC / SIMULATED
1767578451.000,2026-01-05T02:00:51Z,89330000000100004,CELL-LIVE-4,0.650000,-92.000000,0.016000,44.600000,0.012000,,SYNTHETIC / SIMULATED
1767578452.000,2026-01-05T02:00:52Z,89330000000100004,CELL-LIVE-4,0.800000,-97.000000,0.020000,35.500000,0.012000,,SYNTHETIC / SIMULATED
1767578453.000,2026-01-05T02:00:53Z,89330000000100004,CELL-LIVE-4,1.050000,-97.000000,0.020000,35.100000,0.012000,,SYNTHETIC / SIMULATED
1767578454.000,2026-01-05T02:00:54Z,89330000000100004,CELL-LIVE-4,1.100000,-97.000000,0.020000,37.600000,0.016000,,SYNTHETIC / SIMULATED
1767578455.000,2026-01-05T02:00:55Z,89330000000100004,CELL-LIVE-4,1.100000,-97.000000,0.020000,37.700000,0.016000,,SYNTHETIC / SIMULATED
1767578456.000,2026-01-05T02:00:56Z,89330000000100004,CELL-LIVE-4,1.150000,-97.000000,0.024000,46.100000,0.014000,,SYNTHETIC / SIMULATED
1767578457.000,2026-01-05T02:00:57Z,89330000000100004,CELL-LIVE-4,1.300000,-97.000000,0.026000,49.700000,0.012000,,SYNTHETIC / SIMULATED
1767578458.000,2026-01-05T02:00:58Z,89330000000100004,CELL-LIVE-4,1.450000,-97.000000,0.028000,53.000000,0.016000,,SYNTHETIC / SIMULATED
1767578459.000,2026-01-05T02:00:59Z,89330000000100004,CELL-LIVE-4,1.400000,-97.000000,0.030000,43.000000,0.016000,,SYNTHETIC / SIMULATED
1767578460.000,2026-01-05T02:01:00Z,89330000000100004,CELL-LIVE-4,1.300000,-97.000000,0.032000,41.900000,0.016000,,SYNTHETIC / SIMULATED
1767578461.000,2026-01-05T02:01:01Z,89330000000100004,CELL-LIVE-4,1.300000,-97.000000,0.032000,40.700000,0.016000,,SYNTHETIC / SIMULATED
1767578462.000,2026-01-05T02:01:02Z,89330000000100004,CELL-LIVE-4,1.150000,-97.000000,0.032000,42.600000,0.016000,,SYNTHETIC / SIMULATED
1767578463.000,2026-01-05T02:01:03Z,89330000000100004,CELL-LIVE-4,1.100000,-97.000000,0.034000,40.800000,0.016000,,SYNTHETIC / SIMULATED
1767578464.000,2026-01-05T02:01:04Z,89330000000100004,CELL-LIVE-4,1.150000,-97.000000,0.032000,41.900000,0.018000,,SYNTHETIC / SIMULATED
1767578465.000,2026-01-05T02:01:05Z,89330000000100004,CELL-LIVE-4,1.000000,-97.000000,0.034000,38.000000,0.016000,,SYNTHETIC / SIMULATED
1767578466.000,2026-01-05T02:01:06Z,89330000000100004,CELL-LIVE-4,0.950000,-97.000000,0.032000,41.400000,0.016000,,SYNTHETIC / SIMULATED
1767578467.000,2026-01-05T02:01:07Z,89330000000100004,CELL-LIVE-4,1.000000,-97.000000,0.030000,38.200000,0.018000,,SYNTHETIC / SIMULATED
1767578468.000,2026-01-05T02:01:08Z,89330000000100004,CELL-LIVE-4,1.050000,-97.000000,0.032000,31.000000,0.018000,,SYNTHETIC / SIMULATED
1767578469.000,2026-01-05T02:01:09Z,89330000000100004,CELL-LIVE-4,0.950000,-97.000000,0.030000,47.800000,0.016000,,SYNTHETIC / SIMULATED
1767578470.000,2026-01-05T02:01:10Z,89330000000100004,CELL-LIVE-4,0.950000,-97.000000,0.034000,41.100000,0.014000,,SYNTHETIC / SIMULATED
1767578471.000,2026-01-05T02:01:11Z,89330000000100004,CELL-LIVE-4,0.950000,-97.000000,0.032000,50.900000,0.012000,,SYNTHETIC / SIMULATED
1767578472.000,2026-01-05T02:01:12Z,89330000000100004,CELL-LIVE-4,0.850000,-97.000000,0.032000,46.900000,0.014000,,SYNTHETIC / SIMULATED
1767578473.000,2026-01-05T02:01:13Z,89330000000100004,CELL-LIVE-4,0.900000,-97.000000,0.034000,39.700000,0.018000,,SYNTHETIC / SIMULATED
1767578474.000,2026-01-05T02:01:14Z,89330000000100004,CELL-LIVE-4,0.850000,-97.000000,0.034000,41.700000,0.016000,,SYNTHETIC / SIMULATED
1767578475.000,2026-01-05T02:01:15Z,89330000000100004,CELL-LIVE-4,0.850000,-97.000000,0.032000,45.300000,0.016000,,SYNTHETIC / SIMULATED
1767578476.000,2026-01-05T02:01:16Z,89330000000100004,CELL-LIVE-4,0.900000,-97.000000,0.030000,46.100000,0.016000,,SYNTHETIC / SIMULATED
1767578477.000,2026-01-05T02:01:17Z,89330000000100004,CELL-LIVE-4,0.950000,-97.000000,0.030000,47.400000,0.016000,,SYNTHETIC / SIMULATED
1767578478.000,2026-01-05T02:01:18Z,89330000000100004,CELL-LIVE-4,0.900000,-97.000000,0.032000,43.700000,0.018000,,SYNTHETIC / SIMULATED
1767578479.000,2026-01-05T02:01:19Z,89330000000100004,CELL-LIVE-4,1.000000,-97.000000,0.032000,49.100000,0.018000,,SYNTHETIC / SIMULATED
1767578480.000,2026-01-05T02:01:20Z,89330000000100004,CELL-LIVE-4,1.050000,-97.000000,0.032000,46.800000,0.016000,,SYNTHETIC / SIMULATED
1767578481.000,2026-01-05T02:01:21Z,89330000000100004,CELL-LIVE-4,0.950000,-97.000000,0.034000,55.500000,0.018000,,SYNTHETIC / SIMULATED
1767578482.000,2026-01-05T02:01:22Z,89330000000100004,CELL-LIVE-4,0.950000,-97.000000,0.036000,41.900000,0.018000,,SYNTHETIC / SIMULATED
1767578483.000,2026-01-05T02:01:23Z,89330000000100004,CELL-LIVE-4,0.950000,-97.000000,0.034000,56.400000,0.016000,,SYNTHETIC / SIMULATED
1767578484.000,2026-01-05T02:01:24Z,89330000000100004,CELL-LIVE-4,0.950000,-97.000000,0.036000,54.600000,0.018000,,SYNTHETIC / SIMULATED
1767578485.000,2026-01-05T02:01:25Z,89330000000100004,CELL-LIVE-4,1.000000,-97.000000,0.034000,56.000000,0.016000,,SYNTHETIC / SIMULATED
1767578486.000,2026-01-05T02:01:26Z,89330000000100004,CELL-LIVE-4,1.050000,-97.000000,0.032000,56.100000,0.016000,,SYNTHETIC / SIMULATED
1767578487.000,2026-01-05T02:01:27Z,89330000000100004,CELL-LIVE-4,1.000000,-97.000000,0.034000,61.800000,0.018000,,SYNTHETIC / SIMULATED
1767578488.000,2026-01-05T02:01:28Z,89330000000100004,CELL-LIVE-4,1.200000,-97.000000,0.036000,62.400000,0.018000,,SYNTHETIC / SIMULATED
1767578489.000,2026-01-05T02:01:29Z,89330000000100004,CELL-LIVE-4,1.300000,-97.000000,0.038000,52.700000,0.020000,,SYNTHETIC / SIMULATED
1767578490.000,2026-01-05T02:01:30Z,89330000000100004,CELL-LIVE-4,1.450000,-97.000000,0.036000,63.700000,0.020000,,SYNTHETIC / SIMULATED
1767578491.000,2026-01-05T02:01:31Z,89330000000100004,CELL-LIVE-4,1.450000,-104.000000,0.040000,72.200000,0.020000,,SYNTHETIC / SIMULATED
1767578492.000,2026-01-05T02:01:32Z,89330000000100004,CELL-LIVE-4,1.450000,-104.000000,0.042000,69.900000,0.022000,,SYNTHETIC / SIMULATED
1767578493.000,2026-01-05T02:01:33Z,89330000000100004,CELL-LIVE-4,1.450000,-104.000000,0.046000,55.500000,0.024000,,SYNTHETIC / SIMULATED
1767578494.000,2026-01-05T02:01:34Z,89330000000100004,CELL-LIVE-4,1.550000,-104.000000,0.048000,51.300000,0.024000,,SYNTHETIC / SIMULATED
1767578495.000,2026-01-05T02:01:35Z,89330000000100004,CELL-LIVE-4,1.600000,-104.000000,0.050000,72.400000,0.028000,,SYNTHETIC / SIMULATED
1767578496.000,2026-01-05T02:01:36Z,89330000000100004,CELL-LIVE-4,1.600000,-104.000000,0.048000,66.000000,0.026000,,SYNTHETIC / SIMULATED
1767578497.000,2026-01-05T02:01:37Z,89330000000100004,CELL-LIVE-4,1.700000,-104.000000,0.048000,59.600000,0.028000,,SYNTHETIC / SIMULATED
1767578498.000,2026-01-05T02:01:38Z,89330000000100004,CELL-LIVE-4,1.750000,-104.000000,0.048000,48.700000,0.028000,,SYNTHETIC / SIMULATED
1767578499.000,2026-01-05T02:01:39Z,89330000000100004,CELL-LIVE-4,1.750000,-104.000000,0.054000,39.200000,0.030000,,SYNTHETIC / SIMULATED
1767578500.000,2026-01-05T02:01:40Z,89330000000100004,CELL-LIVE-4,1.800000,-104.000000,0.056000,57.700000,0.032000,,SYNTHETIC / SIMULATED
1767578501.000,2026-01-05T02:01:41Z,89330000000100004,CELL-LIVE-4,1.850000,-104.000000,0.058000,74.900000,0.030000,,SYNTHETIC / SIMULATED
1767578502.000,2026-01-05T02:01:42Z,89330000000100004,CELL-LIVE-4,1.850000,-104.000000,0.054000,71.000000,0.032000,,SYNTHETIC / SIMULATED
1767578503.000,2026-01-05T02:01:43Z,89330000000100004,CELL-LIVE-4,1.700000,-104.000000,0.058000,58.300000,0.032000,,SYNTHETIC / SIMULATED
1767578504.000,2026-01-05T02:01:44Z,89330000000100004,CELL-LIVE-4,1.650000,-101.000000,0.056000,55.900000,0.032000,,SYNTHETIC / SIMULATED
1767578505.000,2026-01-05T02:01:45Z,89330000000100004,CELL-LIVE-4,1.750000,-101.000000,0.056000,57.200000,0.032000,,SYNTHETIC / SIMULATED
1767578506.000,2026-01-05T02:01:46Z,89330000000100004,CELL-LIVE-4,1.800000,-101.000000,0.060000,50.200000,0.036000,,SYNTHETIC / SIMULATED
1767578507.000,2026-01-05T02:01:47Z,89330000000100004,CELL-LIVE-4,1.800000,-101.000000,0.060000,45.600000,0.036000,,SYNTHETIC / SIMULATED
1767578508.000,2026-01-05T02:01:48Z,89330000000100004,CELL-LIVE-4,1.850000,-101.000000,0.064000,46.600000,0.036000,,SYNTHETIC / SIMULATED
1767578509.000,2026-01-05T02:01:49Z,89330000000100004,CELL-LIVE-4,1.850000,-101.000000,0.064000,53.200000,0.036000,,SYNTHETIC / SIMULATED
1767578510.000,2026-01-05T02:01:50Z,89330000000100004,CELL-LIVE-4,1.800000,-98.000000,0.066000,45.400000,0.034000,,SYNTHETIC / SIMULATED
1767578511.000,2026-01-05T02:01:51Z,89330000000100004,CELL-LIVE-4,1.900000,-98.000000,0.062000,51.500000,0.034000,,SYNTHETIC / SIMULATED
1767578512.000,2026-01-05T02:01:52Z,89330000000100004,CELL-LIVE-4,1.750000,-98.000000,0.060000,55.200000,0.032000,,SYNTHETIC / SIMULATED
1767578513.000,2026-01-05T02:01:53Z,89330000000100004,CELL-LIVE-4,1.700000,-98.000000,0.056000,55.800000,0.030000,,SYNTHETIC / SIMULATED
1767578514.000,2026-01-05T02:01:54Z,89330000000100004,CELL-LIVE-4,1.550000,-98.000000,0.056000,57.300000,0.030000,,SYNTHETIC / SIMULATED
1767578515.000,2026-01-05T02:01:55Z,89330000000100004,CELL-LIVE-4,1.700000,-98.000000,0.056000,60.300000,0.032000,,SYNTHETIC / SIMULATED
1767578516.000,2026-01-05T02:01:56Z,89330000000100004,CELL-LIVE-4,1.700000,-98.000000,0.054000,55.000000,0.034000,,SYNTHETIC / SIMULATED
1767578517.000,2026-01-05T02:01:57Z,89330000000100004,CELL-LIVE-4,1.700000,-98.000000,0.052000,40.600000,0.034000,,SYNTHETIC / SIMULATED
1767578518.000,2026-01-05T02:01:58Z,89330000000100004,CELL-LIVE-4,1.800000,-98.000000,0.056000,38.500000,0.032000,,SYNTHETIC / SIMULATED
1767578519.000,2026-01-05T02:01:59Z,89330000000100004,CELL-LIVE-4,1.750000,-98.000000,0.054000,46.700000,0.030000,,SYNTHETIC / SIMULATED
1767578520.000,2026-01-05T02:02:00Z,89330000000100004,CELL-LIVE-4,1.750000,-98.000000,0.054000,34.400000,0.030000,,SYNTHETIC / SIMULATED
1767578521.000,2026-01-05T02:02:01Z,89330000000100004,CELL-LIVE-4,1.750000,-98.000000,0.052000,43.200000,0.030000,,SYNTHETIC / SIMULATED
1767578522.000,2026-01-05T02:02:02Z,89330000000100004,CELL-LIVE-4,1.750000,-98.000000,0.054000,39.700000,0.030000,,SYNTHETIC / SIMULATED
1767578523.000,2026-01-05T02:02:03Z,89330000000100004,CELL-LIVE-4,1.850000,-98.000000,0.052000,41.300000,0.030000,,SYNTHETIC / SIMULATED
1767578524.000,2026-01-05T02:02:04Z,89330000000100004,CELL-LIVE-4,1.800000,-98.000000,0.052000,40.300000,0.030000,,SYNTHETIC / SIMULATED
1767578525.000,2026-01-05T02:02:05Z,89330000000100004,CELL-LIVE-4,1.900000,-98.000000,0.054000,48.500000,0.032000,,SYNTHETIC / SIMULATED
1767578526.000,2026-01-05T02:02:06Z,89330000000100004,CELL-LIVE-4,1.850000,-98.000000,0.054000,64.700000,0.032000,,SYNTHETIC / SIMULATED
1767578527.000,2026-01-05T02:02:07Z,89330000000100004,CELL-LIVE-4,1.850000,-98.000000,0.052000,56.600000,0.032000,,SYNTHETIC / SIMULATED
1767578528.000,2026-01-05T02:02:08Z,89330000000100004,CELL-LIVE-4,1.750000,-98.000000,0.052000,52.000000,0.030000,,SYNTHETIC / SIMULATED
1767578529.000,2026-01-05T02:02:09Z,89330000000100004,CELL-LIVE-4,1.800000,-98.000000,0.052000,70.500000,0.030000,,SYNTHETIC / SIMULATED
1767578530.000,2026-01-05T02:02:10Z,89330000000100004,CELL-LIVE-4,1.950000,-98.000000,0.052000,74.600000,0.030000,,SYNTHETIC / SIMULATED
1767578531.000,2026-01-05T02:02:11Z,89330000000100004,CELL-LIVE-4,1.900000,-98.000000,0.048000,65.600000,0.030000,,SYNTHETIC / SIMULATED
1767578532.000,2026-01-05T02:02:12Z,89330000000100004,CELL-LIVE-4,1.850000,-98.000000,0.046000,60.400000,0.030000,,SYNTHETIC / SIMULATED
1767578533.000,2026-01-05T02:02:13Z,89330000000100004,CELL-LIVE-4,1.750000,-98.000000,0.048000,68.500000,0.030000,,SYNTHETIC / SIMULATED
1767578534.000,2026-01-05T02:02:14Z,89330000000100004,CELL-LIVE-4,1.700000,-98.000000,0.048000,71.600000,0.032000,,SYNTHETIC / SIMULATED
1767578535.000,2026-01-05T02:02:15Z,89330000000100004,CELL-LIVE-4,1.650000,-98.000000,0.048000,63.100000,0.032000,,SYNTHETIC / SIMULATED
1767578536.000,2026-01-05T02:02:16Z,89330000000100004,CELL-LIVE-4,1.750000,-98.000000,0.050000,69.600000,0.032000,,SYNTHETIC / SIMULATED
1767578537.000,2026-01-05T02:02:17Z,89330000000100004,CELL-LIVE-4,1.950000,-98.000000,0.052000,71.000000,0.030000,,SYNTHETIC / SIMULATED
1767578538.000,2026-01-05T02:02:18Z,89330000000100004,CELL-LIVE-4,1.900000,-98.000000,0.052000,71.700000,0.030000,,SYNTHETIC / SIMULATED
1767578539.000,2026-01-05T02:02:19Z,89330000000100004,CELL-LIVE-4,1.800000,-98.000000,0.054000,44.400000,0.030000,,SYNTHETIC / SIMULATED
1767578540.000,2026-01-05T02:02:20Z,89330000000100004,CELL-LIVE-4,1.650000,-98.000000,0.054000,39.700000,0.030000,,SYNTHETIC / SIMULATED
1767578541.000,2026-01-05T02:02:21Z,89330000000100004,CELL-LIVE-4,1.650000,-98.000000,0.054000,49.800000,0.032000,,SYNTHETIC / SIMULATED
1767578542.000,2026-01-05T02:02:22Z,89330000000100004,CELL-LIVE-4,1.600000,-98.000000,0.054000,48.300000,0.032000,,SYNTHETIC / SIMULATED
1767578543.000,2026-01-05T02:02:23Z,89330000000100004,CELL-LIVE-4,1.600000,-98.000000,0.058000,51.200000,0.032000,,SYNTHETIC / SIMULATED
1767578544.000,2026-01-05T02:02:24Z,89330000000100004,CELL-LIVE-4,1.650000,-98.000000,0.056000,45.500000,0.032000,,SYNTHETIC / SIMULATED
1767578545.000,2026-01-05T02:02:25Z,89330000000100004,CELL-LIVE-4,1.700000,-98.000000,0.054000,44.900000,0.030000,,SYNTHETIC / SIMULATED
1767578546.000,2026-01-05T02:02:26Z,89330000000100004,CELL-LIVE-4,1.600000,-98.000000,0.050000,37.000000,0.030000,,SYNTHETIC / SIMULATED
1767578547.000,2026-01-05T02:02:27Z,89330000000100004,CELL-LIVE-4,1.650000,-98.000000,0.050000,44.500000,0.030000,,SYNTHETIC / SIMULATED
1767578548.000,2026-01-05T02:02:28Z,89330000000100004,CELL-LIVE-4,1.550000,-98.000000,0.050000,47.200000,0.030000,,SYNTHETIC / SIMULATED
1767578549.000,2026-01-05T02:02:29Z,89330000000100004,CELL-LIVE-4,1.550000,-98.000000,0.052000,62.900000,0.028000,,SYNTHETIC / SIMULATED
1767578550.000,2026-01-05T02:02:30Z,89330000000100004,CELL-LIVE-4,1.800000,-98.000000,0.052000,46.700000,0.028000,,SYNTHETIC / SIMULATED
1767578551.000,2026-01-05T02:02:31Z,89330000000100004,CELL-LIVE-4,1.750000,-98.000000,0.054000,55.500000,0.028000,,SYNTHETIC / SIMULATED
1767578552.000,2026-01-05T02:02:32Z,89330000000100004,CELL-LIVE-4,1.450000,-90.000000,0.050000,36.400000,0.026000,,SYNTHETIC / SIMULATED
1767578553.000,2026-01-05T02:02:33Z,89330000000100004,CELL-LIVE-4,1.450000,-90.000000,0.050000,47.300000,0.024000,,SYNTHETIC / SIMULATED
1767578554.000,2026-01-05T02:02:34Z,89330000000100004,CELL-LIVE-4,1.150000,-90.000000,0.044000,34.700000,0.022000,,SYNTHETIC / SIMULATED
1767578555.000,2026-01-05T02:02:35Z,89330000000100004,CELL-LIVE-4,1.200000,-90.000000,0.038000,39.000000,0.020000,,SYNTHETIC / SIMULATED
1767578556.000,2026-01-05T02:02:36Z,89330000000100004,CELL-LIVE-4,1.100000,-90.000000,0.036000,41.900000,0.020000,,SYNTHETIC / SIMULATED
1767578557.000,2026-01-05T02:02:37Z,89330000000100004,CELL-LIVE-4,1.050000,-90.000000,0.038000,63.700000,0.020000,,SYNTHETIC / SIMULATED
1767578558.000,2026-01-05T02:02:38Z,89330000000100004,CELL-LIVE-4,0.950000,-90.000000,0.036000,51.300000,0.018000,,SYNTHETIC / SIMULATED
1767578559.000,2026-01-05T02:02:39Z,89330000000100004,CELL-LIVE-4,0.900000,-90.000000,0.036000,48.300000,0.018000,,SYNTHETIC / SIMULATED
1767578560.000,2026-01-05T02:02:40Z,89330000000100004,CELL-LIVE-4,0.850000,-90.000000,0.034000,47.200000,0.014000,,SYNTHETIC / SIMULATED
1767578561.000,2026-01-05T02:02:41Z,89330000000100004,CELL-LIVE-4,0.750000,-90.000000,0.032000,40.200000,0.012000,,SYNTHETIC / SIMULATED
1767578562.000,2026-01-05T02:02:42Z,89330000000100004,CELL-LIVE-4,0.550000,-90.000000,0.030000,27.600000,0.014000,,SYNTHETIC / SIMULATED
1767578563.000,2026-01-05T02:02:43Z,89330000000100004,CELL-LIVE-4,0.600000,-90.000000,0.028000,27.800000,0.014000,,SYNTHETIC / SIMULATED
1767578564.000,2026-01-05T02:02:44Z,89330000000100004,CELL-LIVE-4,0.650000,-90.000000,0.026000,32.700000,0.012000,,SYNTHETIC / SIMULATED
1767578565.000,2026-01-05T02:02:45Z,89330000000100004,CELL-LIVE-4,0.850000,-90.000000,0.022000,35.300000,0.012000,,SYNTHETIC / SIMULATED
1767578566.000,2026-01-05T02:02:46Z,89330000000100004,CELL-LIVE-4,0.750000,-90.000000,0.018000,45.300000,0.010000,,SYNTHETIC / SIMULATED
1767578567.000,2026-01-05T02:02:47Z,89330000000100004,CELL-LIVE-4,0.700000,-90.000000,0.018000,37.300000,0.008000,,SYNTHETIC / SIMULATED
1767578568.000,2026-01-05T02:02:48Z,89330000000100004,CELL-LIVE-4,0.500000,-90.000000,0.018000,31.900000,0.008000,,SYNTHETIC / SIMULATED
1767578569.000,2026-01-05T02:02:49Z,89330000000100004,CELL-LIVE-4,0.500000,-90.000000,0.014000,135.700000,0.008000,,SYNTHETIC / SIMULATED
1767578570.000,2026-01-05T02:02:50Z,89330000000100004,CELL-LIVE-4,0.600000,-86.000000,0.016000,40.900000,0.008000,,SYNTHETIC / SIMULATED
1767578571.000,2026-01-05T02:02:51Z,89330000000100004,CELL-LIVE-4,0.450000,-86.000000,0.016000,39.500000,0.008000,,SYNTHETIC / SIMULATED
1767578572.000,2026-01-05T02:02:52Z,89330000000100004,CELL-LIVE-4,0.350000,-85.000000,0.014000,35.000000,0.008000,,SYNTHETIC / SIMULATED
1767578573.000,2026-01-05T02:02:53Z,89330000000100004,CELL-LIVE-4,0.400000,-85.000000,0.014000,35.200000,0.010000,,SYNTHETIC / SIMULATED
1767578574.000,2026-01-05T02:02:54Z,89330000000100004,CELL-LIVE-4,0.300000,-85.000000,0.012000,27.300000,0.010000,,SYNTHETIC / SIMULATED
1767578575.000,2026-01-05T02:02:55Z,89330000000100004,CELL-LIVE-4,0.300000,-85.000000,0.010000,35.000000,0.010000,,SYNTHETIC / SIMULATED
1767578576.000,2026-01-05T02:02:56Z,89330000000100004,CELL-LIVE-4,0.400000,-85.000000,0.012000,45.700000,0.010000,,SYNTHETIC / SIMULATED
1767578577.000,2026-01-05T02:02:57Z,89330000000100004,CELL-LIVE-4,0.500000,-85.000000,0.010000,46.500000,0.008000,,SYNTHETIC / SIMULATED
1767578578.000,2026-01-05T02:02:58Z,89330000000100004,CELL-LIVE-4,0.600000,-85.000000,0.010000,46.200000,0.004000,,SYNTHETIC / SIMULATED
1767578579.000,2026-01-05T02:02:59Z,89330000000100004,CELL-LIVE-4,0.700000,-85.000000,0.010000,36.600000,0.004000,,SYNTHETIC / SIMULATED
1767578580.000,2026-01-05T02:03:00Z,89330000000100004,CELL-LIVE-4,0.700000,-85.000000,0.008000,29.600000,0.004000,,SYNTHETIC / SIMULATED
1767578581.000,2026-01-05T02:03:01Z,89330000000100004,CELL-LIVE-4,0.650000,-82.000000,0.008000,31.600000,0.004000,,SYNTHETIC / SIMULATED
1767578582.000,2026-01-05T02:03:02Z,89330000000100004,CELL-LIVE-4,0.600000,-82.000000,0.010000,44.200000,0.006000,,SYNTHETIC / SIMULATED
1767578583.000,2026-01-05T02:03:03Z,89330000000100004,CELL-LIVE-4,0.650000,-82.000000,0.010000,37.400000,0.008000,,SYNTHETIC / SIMULATED
1767578584.000,2026-01-05T02:03:04Z,89330000000100004,CELL-LIVE-4,0.500000,-82.000000,0.008000,50.700000,0.006000,,SYNTHETIC / SIMULATED
1767578585.000,2026-01-05T02:03:05Z,89330000000100004,CELL-LIVE-4,0.650000,-82.000000,0.010000,59.000000,0.006000,,SYNTHETIC / SIMULATED
1767578586.000,2026-01-05T02:03:06Z,89330000000100004,CELL-LIVE-4,0.650000,-82.000000,0.012000,53.300000,0.002000,,SYNTHETIC / SIMULATED
1767578587.000,2026-01-05T02:03:07Z,89330000000100004,CELL-LIVE-4,0.650000,-82.000000,0.012000,49.700000,0.000000,,SYNTHETIC / SIMULATED
1767578588.000,2026-01-05T02:03:08Z,89330000000100004,CELL-LIVE-4,0.400000,-82.000000,0.010000,51.700000,0.002000,,SYNTHETIC / SIMULATED
1767578589.000,2026-01-05T02:03:09Z,89330000000100004,CELL-LIVE-4,0.500000,-82.000000,0.014000,49.400000,0.002000,,SYNTHETIC / SIMULATED
1767578590.000,2026-01-05T02:03:10Z,89330000000100004,CELL-LIVE-4,0.600000,-82.000000,0.014000,54.100000,0.002000,,SYNTHETIC / SIMULATED
1767578591.000,2026-01-05T02:03:11Z,89330000000100004,CELL-LIVE-4,0.600000,-77.000000,0.016000,35.200000,0.004000,,SYNTHETIC / SIMULATED
1767578592.000,2026-01-05T02:03:12Z,89330000000100004,CELL-LIVE-4,0.550000,-77.000000,0.012000,26.300000,0.002000,,SYNTHETIC / SIMULATED
1767578593.000,2026-01-05T02:03:13Z,89330000000100004,CELL-LIVE-4,0.550000,-77.000000,0.012000,21.000000,0.004000,,SYNTHETIC / SIMULATED
1767578594.000,2026-01-05T02:03:14Z,89330000000100004,CELL-LIVE-4,0.500000,-77.000000,0.014000,30.600000,0.004000,,SYNTHETIC / SIMULATED
1767578595.000,2026-01-05T02:03:15Z,89330000000100004,CELL-LIVE-4,0.400000,-77.000000,0.012000,34.400000,0.006000,,SYNTHETIC / SIMULATED
1767578596.000,2026-01-05T02:03:16Z,89330000000100004,CELL-LIVE-4,0.250000,-77.000000,0.012000,39.600000,0.006000,,SYNTHETIC / SIMULATED
1767578597.000,2026-01-05T02:03:17Z,89330000000100004,CELL-LIVE-4,0.400000,-77.000000,0.008000,35.900000,0.010000,,SYNTHETIC / SIMULATED
1767578598.000,2026-01-05T02:03:18Z,89330000000100004,CELL-LIVE-4,0.400000,-77.000000,0.006000,46.400000,0.010000,,SYNTHETIC / SIMULATED
1767578599.000,2026-01-05T02:03:19Z,89330000000100004,CELL-LIVE-4,0.600000,-77.000000,0.004000,75.600000,0.012000,,SYNTHETIC / SIMULATED
1767578600.000,2026-01-05T02:03:20Z,89330000000100004,CELL-LIVE-4,0.550000,-77.000000,0.000000,59.700000,0.008000,,SYNTHETIC / SIMULATED
1767578601.000,2026-01-05T02:03:21Z,89330000000100004,CELL-LIVE-4,0.750000,-77.000000,0.004000,49.100000,0.008000,,SYNTHETIC / SIMULATED
1767578602.000,2026-01-05T02:03:22Z,89330000000100004,CELL-LIVE-4,0.600000,-77.000000,0.004000,41.300000,0.006000,,SYNTHETIC / SIMULATED
1767578603.000,2026-01-05T02:03:23Z,89330000000100004,CELL-LIVE-4,0.500000,-81.000000,0.002000,35.400000,0.004000,,SYNTHETIC / SIMULATED
1767578604.000,2026-01-05T02:03:24Z,89330000000100004,CELL-LIVE-4,0.600000,-81.000000,0.002000,39.700000,0.006000,,SYNTHETIC / SIMULATED
1767578605.000,2026-01-05T02:03:25Z,89330000000100004,CELL-LIVE-4,0.550000,-81.000000,0.000000,44.000000,0.004000,,SYNTHETIC / SIMULATED
1767578606.000,2026-01-05T02:03:26Z,89330000000100004,CELL-LIVE-4,0.550000,-81.000000,0.000000,34.300000,0.004000,,SYNTHETIC / SIMULATED
1767578607.000,2026-01-05T02:03:27Z,89330000000100004,CELL-LIVE-4,0.550000,-81.000000,0.000000,49.700000,0.002000,,SYNTHETIC / SIMULATED
1767578608.000,2026-01-05T02:03:28Z,89330000000100004,CELL-LIVE-4,0.700000,-81.000000,0.000000,25.400000,0.002000,,SYNTHETIC / SIMULATED
1767578609.000,2026-01-05T02:03:29Z,89330000000100004,CELL-LIVE-4,0.700000,-81.000000,0.000000,20.700000,0.004000,,SYNTHETIC / SIMULATED
1767578610.000,2026-01-05T02:03:30Z,89330000000100004,CELL-LIVE-4,0.500000,-81.000000,0.000000,21.300000,0.006000,,SYNTHETIC / SIMULATED
1767578611.000,2026-01-05T02:03:31Z,89330000000100004,CELL-LIVE-4,0.500000,-81.000000,0.000000,25.200000,0.006000,,SYNTHETIC / SIMULATED
1767578612.000,2026-01-05T02:03:32Z,89330000000100004,CELL-LIVE-4,0.500000,-81.000000,0.000000,25.100000,0.006000,,SYNTHETIC / SIMULATED
1767578613.000,2026-01-05T02:03:33Z,89330000000100004,CELL-LIVE-4,0.450000,-81.000000,0.000000,28.300000,0.006000,,SYNTHETIC / SIMULATED
1767578614.000,2026-01-05T02:03:34Z,89330000000100004,CELL-LIVE-4,0.400000,-81.000000,0.000000,36.000000,0.008000,,SYNTHETIC / SIMULATED
1767578615.000,2026-01-05T02:03:35Z,89330000000100004,CELL-LIVE-4,0.400000,-80.000000,0.000000,42.100000,0.012000,,SYNTHETIC / SIMULATED
1767578616.000,2026-01-05T02:03:36Z,89330000000100004,CELL-LIVE-4,0.500000,-80.000000,0.002000,56.800000,0.010000,,SYNTHETIC / SIMULATED
1767578617.000,2026-01-05T02:03:37Z,89330000000100004,CELL-LIVE-4,0.450000,-80.000000,0.002000,43.100000,0.010000,,SYNTHETIC / SIMULATED
1767578618.000,2026-01-05T02:03:38Z,89330000000100004,CELL-LIVE-4,0.450000,-80.000000,0.002000,52.100000,0.010000,,SYNTHETIC / SIMULATED
1767578619.000,2026-01-05T02:03:39Z,89330000000100004,CELL-LIVE-4,0.250000,-80.000000,0.004000,54.400000,0.010000,,SYNTHETIC / SIMULATED
1767578620.000,2026-01-05T02:03:40Z,89330000000100004,CELL-LIVE-4,0.450000,-80.000000,0.004000,37.500000,0.010000,,SYNTHETIC / SIMULATED
1767578621.000,2026-01-05T02:03:41Z,89330000000100004,CELL-LIVE-4,0.500000,-80.000000,0.002000,51.500000,0.010000,,SYNTHETIC / SIMULATED
1767578622.000,2026-01-05T02:03:42Z,89330000000100004,CELL-LIVE-4,0.450000,-80.000000,0.004000,46.300000,0.008000,,SYNTHETIC / SIMULATED
1767578623.000,2026-01-05T02:03:43Z,89330000000100004,CELL-LIVE-4,0.500000,-80.000000,0.004000,44.100000,0.008000,,SYNTHETIC / SIMULATED
1767578624.000,2026-01-05T02:03:44Z,89330000000100004,CELL-LIVE-4,0.500000,-80.000000,0.002000,41.600000,0.010000,,SYNTHETIC / SIMULATED
1767578625.000,2026-01-05T02:03:45Z,89330000000100004,CELL-LIVE-4,0.550000,-80.000000,0.002000,36.000000,0.008000,,SYNTHETIC / SIMULATED
1767578626.000,2026-01-05T02:03:46Z,89330000000100004,CELL-LIVE-4,0.500000,-80.000000,0.004000,27.100000,0.010000,,SYNTHETIC / SIMULATED
1767578627.000,2026-01-05T02:03:47Z,89330000000100004,CELL-LIVE-4,0.450000,-80.000000,0.004000,47.100000,0.010000,,SYNTHETIC / SIMULATED
1767578628.000,2026-01-05T02:03:48Z,89330000000100004,CELL-LIVE-4,0.450000,-80.000000,0.004000,42.100000,0.010000,,SYNTHETIC / SIMULATED
1767578629.000,2026-01-05T02:03:49Z,89330000000100004,CELL-LIVE-4,0.350000,-80.000000,0.006000,39.900000,0.008000,,SYNTHETIC / SIMULATED
1767578630.000,2026-01-05T02:03:50Z,89330000000100004,CELL-LIVE-4,0.450000,-80.000000,0.006000,33.400000,0.006000,,SYNTHETIC / SIMULATED
1767578631.000,2026-01-05T02:03:51Z,89330000000100004,CELL-LIVE-4,0.400000,-80.000000,0.004000,20.800000,0.006000,,SYNTHETIC / SIMULATED
1767578632.000,2026-01-05T02:03:52Z,89330000000100004,CELL-LIVE-4,0.400000,-80.000000,0.002000,20.200000,0.006000,,SYNTHETIC / SIMULATED
1767578633.000,2026-01-05T02:03:53Z,89330000000100004,CELL-LIVE-4,0.350000,-80.000000,0.002000,21.100000,0.006000,,SYNTHETIC / SIMULATED
1767578634.000,2026-01-05T02:03:54Z,89330000000100004,CELL-LIVE-4,0.300000,-80.000000,0.002000,24.000000,0.004000,,SYNTHETIC / SIMULATED
1767578635.000,2026-01-05T02:03:55Z,89330000000100004,CELL-LIVE-4,0.300000,-80.000000,0.002000,43.500000,0.004000,,SYNTHETIC / SIMULATED
1767578636.000,2026-01-05T02:03:56Z,89330000000100004,CELL-LIVE-4,0.450000,-80.000000,0.002000,62.300000,0.006000,,SYNTHETIC / SIMULATED
1767578637.000,2026-01-05T02:03:57Z,89330000000100004,CELL-LIVE-4,0.250000,-80.000000,0.004000,52.200000,0.004000,,SYNTHETIC / SIMULATED
1767578638.000,2026-01-05T02:03:58Z,89330000000100004,CELL-LIVE-4,0.150000,-80.000000,0.002000,44.700000,0.004000,,SYNTHETIC / SIMULATED
1767578639.000,2026-01-05T02:03:59Z,89330000000100004,CELL-LIVE-4,0.150000,-80.000000,0.004000,37.200000,0.004000,,SYNTHETIC / SIMULATED
1767578640.000,2026-01-05T02:04:00Z,89330000000100004,CELL-LIVE-4,0.050000,-80.000000,0.002000,33.600000,0.002000,,SYNTHETIC / SIMULATED
1767578641.000,2026-01-05T02:04:01Z,89330000000100004,CELL-LIVE-4,0.000000,-80.000000,0.004000,30.900000,0.000000,,SYNTHETIC / SIMULATED
1767578642.000,2026-01-05T02:04:02Z,89330000000100004,CELL-LIVE-4,0.000000,-80.000000,0.004000,25.300000,0.002000,,SYNTHETIC / SIMULATED
1767578643.000,2026-01-05T02:04:03Z,89330000000100004,CELL-LIVE-4,0.000000,-80.000000,0.000000,23.800000,0.004000,,SYNTHETIC / SIMULATED
1767578644.000,2026-01-05T02:04:04Z,89330000000100004,CELL-LIVE-4,0.050000,-80.000000,0.002000,29.400000,0.004000,,SYNTHETIC / SIMULATED
1767578645.000,2026-01-05T02:04:05Z,89330000000100004,CELL-LIVE-4,0.100000,-80.000000,0.002000,30.800000,0.002000,,SYNTHETIC / SIMULATED
1767578646.000,2026-01-05T02:04:06Z,89330000000100004,CELL-LIVE-4,0.150000,-80.000000,0.004000,24.400000,0.000000,,SYNTHETIC / SIMULATED
1767578647.000,2026-01-05T02:04:07Z,89330000000100004,CELL-LIVE-4,0.000000,-80.000000,0.004000,23.400000,0.000000,,SYNTHETIC / SIMULATED
1767578648.000,2026-01-05T02:04:08Z,89330000000100004,CELL-LIVE-4,0.100000,-80.000000,0.004000,31.400000,0.000000,,SYNTHETIC / SIMULATED
1767578649.000,2026-01-05T02:04:09Z,89330000000100004,CELL-LIVE-4,0.000000,-80.000000,0.006000,28.200000,0.002000,,SYNTHETIC / SIMULATED
1767578650.000,2026-01-05T02:04:10Z,89330000000100004,CELL-LIVE-4,0.150000,-80.000000,0.008000,39.300000,0.000000,,SYNTHETIC / SIMULATED
1767578651.000,2026-01-05T02:04:11Z,89330000000100004,CELL-LIVE-4,0.100000,-80.000000,0.010000,28.400000,0.002000,,SYNTHETIC / SIMULATED
1767578652.000,2026-01-05T02:04:12Z,89330000000100004,CELL-LIVE-4,0.000000,-80.000000,0.012000,44.800000,0.004000,,SYNTHETIC / SIMULATED
1767578653.000,2026-01-05T02:04:13Z,89330000000100004,CELL-LIVE-4,0.000000,-80.000000,0.010000,51.700000,0.002000,,SYNTHETIC / SIMULATED
1767578654.000,2026-01-05T02:04:14Z,89330000000100004,CELL-LIVE-4,0.000000,-80.000000,0.010000,58.500000,0.004000,,SYNTHETIC / SIMULATED
1767578655.000,2026-01-05T02:04:15Z,89330000000100004,CELL-LIVE-4,0.000000,-80.000000,0.008000,45.300000,0.000000,,SYNTHETIC / SIMULATED
1767578656.000,2026-01-05T02:04:16Z,89330000000100004,CELL-LIVE-4,0.000000,-80.000000,0.006000,39.800000,0.000000,,SYNTHETIC / SIMULATED
1767578657.000,2026-01-05T02:04:17Z,89330000000100004,CELL-LIVE-4,0.000000,-80.000000,0.008000,45.200000,0.002000,,SYNTHETIC / SIMULATED
1767578658.000,2026-01-05T02:04:18Z,89330000000100004,CELL-LIVE-4,0.000000,-80.000000,0.010000,35.400000,0.000000,,SYNTHETIC / SIMULATED
1767578659.000,2026-01-05T02:04:19Z,89330000000100004,CELL-LIVE-4,0.000000,-80.000000,0.012000,45.100000,0.002000,,SYNTHETIC / SIMULATED
1767578660.000,2026-01-05T02:04:20Z,89330000000100004,CELL-LIVE-4,0.050000,-80.000000,0.010000,40.000000,0.002000,,SYNTHETIC / SIMULATED
1767578661.000,2026-01-05T02:04:21Z,89330000000100004,CELL-LIVE-4,0.000000,-86.000000,0.010000,53.900000,0.002000,,SYNTHETIC / SIMULATED
1767578662.000,2026-01-05T02:04:22Z,89330000000100004,CELL-LIVE-4,0.000000,-86.000000,0.010000,33.600000,0.004000,,SYNTHETIC / SIMULATED
1767578663.000,2026-01-05T02:04:23Z,89330000000100004,CELL-LIVE-4,0.000000,-86.000000,0.008000,34.400000,0.004000,,SYNTHETIC / SIMULATED
1767578664.000,2026-01-05T02:04:24Z,89330000000100004,CELL-LIVE-4,0.100000,-86.000000,0.006000,44.300000,0.002000,,SYNTHETIC / SIMULATED
1767578665.000,2026-01-05T02:04:25Z,89330000000100004,CELL-LIVE-4,0.250000,-86.000000,0.008000,53.200000,0.004000,,SYNTHETIC / SIMULATED
1767578666.000,2026-01-05T02:04:26Z,89330000000100004,CELL-LIVE-4,0.350000,-86.000000,0.008000,51.100000,0.006000,,SYNTHETIC / SIMULATED
1767578667.000,2026-01-05T02:04:27Z,89330000000100004,CELL-LIVE-4,0.550000,-86.000000,0.006000,46.800000,0.004000,,SYNTHETIC / SIMULATED
1767578668.000,2026-01-05T02:04:28Z,89330000000100004,CELL-LIVE-4,0.650000,-86.000000,0.004000,66.800000,0.006000,,SYNTHETIC / SIMULATED
1767578669.000,2026-01-05T02:04:29Z,89330000000100004,CELL-LIVE-4,0.650000,-86.000000,0.004000,50.300000,0.006000,,SYNTHETIC / SIMULATED
1767578670.000,2026-01-05T02:04:30Z,89330000000100004,CELL-LIVE-4,0.600000,-86.000000,0.002000,52.600000,0.008000,,SYNTHETIC / SIMULATED
1767578671.000,2026-01-05T02:04:31Z,89330000000100004,CELL-LIVE-4,0.650000,-86.000000,0.002000,63.100000,0.006000,,SYNTHETIC / SIMULATED
1767578672.000,2026-01-05T02:04:32Z,89330000000100004,CELL-LIVE-4,0.650000,-86.000000,0.002000,67.600000,0.008000,,SYNTHETIC / SIMULATED
1767578673.000,2026-01-05T02:04:33Z,89330000000100004,CELL-LIVE-4,0.600000,-86.000000,0.000000,57.200000,0.010000,,SYNTHETIC / SIMULATED
1767578674.000,2026-01-05T02:04:34Z,89330000000100004,CELL-LIVE-4,0.650000,-86.000000,0.002000,50.900000,0.010000,,SYNTHETIC / SIMULATED
1767578675.000,2026-01-05T02:04:35Z,89330000000100004,CELL-LIVE-4,0.550000,-86.000000,0.002000,47.300000,0.008000,,SYNTHETIC / SIMULATED
1767578676.000,2026-01-05T02:04:36Z,89330000000100004,CELL-LIVE-4,0.650000,-86.000000,0.002000,44.600000,0.008000,,SYNTHETIC / SIMULATED
1767578677.000,2026-01-05T02:04:37Z,89330000000100004,CELL-LIVE-4,0.600000,-86.000000,0.000000,42.500000,0.006000,,SYNTHETIC / SIMULATED
1767578678.000,2026-01-05T02:04:38Z,89330000000100004,CELL-LIVE-4,0.550000,-87.000000,0.002000,29.700000,0.004000,,SYNTHETIC / SIMULATED
1767578679.000,2026-01-05T02:04:39Z,89330000000100004,CELL-LIVE-4,0.500000,-87.000000,0.002000,37.500000,0.004000,,SYNTHETIC / SIMULATED
1767578680.000,2026-01-05T02:04:40Z,89330000000100004,CELL-LIVE-4,0.600000,-87.000000,0.006000,40.800000,0.002000,,SYNTHETIC / SIMULATED
1767578681.000,2026-01-05T02:04:41Z,89330000000100004,CELL-LIVE-4,0.500000,-87.000000,0.004000,53.200000,0.002000,,SYNTHETIC / SIMULATED
1767578682.000,2026-01-05T02:04:42Z,89330000000100004,CELL-LIVE-4,0.550000,-87.000000,0.004000,38.800000,0.002000,,SYNTHETIC / SIMULATED
1767578683.000,2026-01-05T02:04:43Z,89330000000100004,CELL-LIVE-4,0.500000,-87.000000,0.006000,37.100000,0.004000,,SYNTHETIC / SIMULATED
1767578684.000,2026-01-05T02:04:44Z,89330000000100004,CELL-LIVE-4,0.650000,-87.000000,0.008000,43.800000,0.002000,,SYNTHETIC / SIMULATED
1767578685.000,2026-01-05T02:04:45Z,89330000000100004,CELL-LIVE-4,0.900000,-87.000000,0.008000,45.000000,0.000000,,SYNTHETIC / SIMULATED
1767578686.000,2026-01-05T02:04:46Z,89330000000100004,CELL-LIVE-4,0.850000,-87.000000,0.008000,34.700000,0.000000,,SYNTHETIC / SIMULATED
1767578687.000,2026-01-05T02:04:47Z,89330000000100004,CELL-LIVE-4,0.700000,-93.000000,0.008000,37.200000,0.002000,,SYNTHETIC / SIMULATED
1767578688.000,2026-01-05T02:04:48Z,89330000000100004,CELL-LIVE-4,0.700000,-93.000000,0.006000,44.700000,0.004000,,SYNTHETIC / SIMULATED
1767578689.000,2026-01-05T02:04:49Z,89330000000100004,CELL-LIVE-4,0.800000,-93.000000,0.010000,33.500000,0.006000,,SYNTHETIC / SIMULATED
1767578690.000,2026-01-05T02:04:50Z,89330000000100004,CELL-LIVE-4,0.850000,-93.000000,0.008000,35.600000,0.006000,,SYNTHETIC / SIMULATED
1767578691.000,2026-01-05T02:04:51Z,89330000000100004,CELL-LIVE-4,0.750000,-93.000000,0.004000,30.700000,0.008000,,SYNTHETIC / SIMULATED
1767578692.000,2026-01-05T02:04:52Z,89330000000100004,CELL-LIVE-4,0.700000,-93.000000,0.004000,49.400000,0.006000,,SYNTHETIC / SIMULATED
1767578693.000,2026-01-05T02:04:53Z,89330000000100004,CELL-LIVE-4,0.850000,-93.000000,0.006000,43.800000,0.008000,,SYNTHETIC / SIMULATED
1767578694.000,2026-01-05T02:04:54Z,89330000000100004,CELL-LIVE-4,1.000000,-93.000000,0.006000,56.700000,0.008000,,SYNTHETIC / SIMULATED
1767578695.000,2026-01-05T02:04:55Z,89330000000100004,CELL-LIVE-4,0.900000,-93.000000,0.006000,57.800000,0.008000,,SYNTHETIC / SIMULATED
1767578696.000,2026-01-05T02:04:56Z,89330000000100004,CELL-LIVE-4,0.900000,-93.000000,0.006000,54.100000,0.006000,,SYNTHETIC / SIMULATED
1767578697.000,2026-01-05T02:04:57Z,89330000000100004,CELL-LIVE-4,1.050000,-93.000000,0.008000,70.500000,0.006000,,SYNTHETIC / SIMULATED
1767578698.000,2026-01-05T02:04:58Z,89330000000100004,CELL-LIVE-4,1.000000,-93.000000,0.010000,82.700000,0.006000,,SYNTHETIC / SIMULATED
1767578699.000,2026-01-05T02:04:59Z,89330000000100004,CELL-LIVE-4,1.150000,-93.000000,0.010000,75.200000,0.004000,,SYNTHETIC / SIMULATED
