euicc_id,device_label,client_id,group_id,cell_id,network_id,rsp_env_id,fleet_size,origin,eid,iccid,profile_name,provenance
89330000000048213,Yard tracker Y-48213,CL-001,GRP-101,CELL-4471,NET-A,RSP-SIM-1,1,scenario,89049032000000089330000000048213,8944330000000048213,Meridian-IoT-Global,SYNTHETIC / SIMULATED
89330000000090031,Shared-profile fleet (120 devices),CL-001,GRP-101,CELL-6602,NET-A,RSP-SIM-1,120,scenario,89049032000000089330000000090031,8944330000000090031,Meridian-IoT-Global,SYNTHETIC / SIMULATED
89330000000100001,Live grid device 1,CL-001,GRP-101,CELL-LIVE-1,NET-LIVE,RSP-SIM-1,1,realtime-grid,89049032000000089330000000100001,8944330000000100001,Meridian-IoT-Global,SYNTHETIC / SIMULATED
89330000000077145,Reefer unit R-77145,CL-001,GRP-102,CELL-4471,NET-A,RSP-SIM-1,1,scenario,89049032000000089330000000077145,8944330000000077145,Meridian-IoT-Global,SYNTHETIC / SIMULATED
89330000000100002,Live grid device 2,CL-001,GRP-102,CELL-LIVE-2,NET-LIVE,RSP-SIM-1,1,realtime-grid,89049032000000089330000000100002,8944330000000100002,Meridian-IoT-Global,SYNTHETIC / SIMULATED
89330000000051887,Gateway G-51887,CL-002,GRP-201,CELL-2210,NET-B,RSP-SIM-2,1,scenario,89049032000000089330000000051887,8944330000000051887,Harbourline-Metering,SYNTHETIC / SIMULATED
89330000000063902,Gateway G-63902,CL-002,GRP-201,CELL-8814,NET-B,RSP-SIM-2,1,scenario,89049032000000089330000000063902,8944330000000063902,Harbourline-Metering,SYNTHETIC / SIMULATED
89330000000100003,Live grid device 3,CL-002,GRP-201,CELL-LIVE-3,NET-LIVE,RSP-SIM-2,1,realtime-grid,89049032000000089330000000100003,8944330000000100003,Harbourline-Metering,SYNTHETIC / SIMULATED
89330000000100004,Live grid device 4,CL-003,GRP-301,CELL-LIVE-4,NET-LIVE,RSP-SIM-1,1,realtime-grid,89049032000000089330000000100004,8944330000000100004,Northgate-Care,SYNTHETIC / SIMULATED
